{"dropout_threshold": 1, "_timestamp": 1654686930, "_runtime": 788, "Batches Abortrate": 0.0, "MegaFLOPS Client Encoder": 0.0, "MegaFLOPS Client Forward": 0.0, "MegaFLOPS Client Backprop": 0.0, "MegaFLOPS Send": 0.0, "MegaFLOPS Recieve": 0.0, "Loss_val": 0.3042555916514245, "Accuracy_val_micro": 0.7167742848396301, "F1_val": 0.7481127890877723, "AUC_val": 0.8229376279091722, "AUC_train": 0.8464557377488859, "Accuracy_train": 0.7447182536125183, "_step": 28}