{"dropout_threshold": 1, "_timestamp": 1654686958, "_runtime": 816, "Batches Abortrate": 0.0, "MegaFLOPS Client Encoder": 0.0, "MegaFLOPS Client Forward": 0.0, "MegaFLOPS Client Backprop": 0.0, "MegaFLOPS Send": 0.0, "MegaFLOPS Recieve": 0.0, "Loss_val": 0.2910240512118224, "Accuracy_val_micro": 0.7225467562675476, "F1_val": 0.7585929445481616, "AUC_val": 0.8307669144265449, "AUC_train": 0.8497332427768298, "Accuracy_train": 0.7491129636764526, "_step": 29, "_wandb": {"runtime": 834}}