{"dropout_threshold": 1, "_timestamp": 1654686083, "_runtime": 856, "Batches Abortrate": 0.0, "MegaFLOPS Client Encoder": 0.0, "MegaFLOPS Client Forward": 0.0, "MegaFLOPS Client Backprop": 0.0, "MegaFLOPS Send": 0.0, "MegaFLOPS Recieve": 0.0, "Loss_val": 0.4214627997214761, "Accuracy_val_micro": 0.5942561030387878, "F1_val": 0.6777344027354808, "AUC_val": 0.7762924116889541, "AUC_train": 0.8933566277123681, "Accuracy_train": 0.7995485067367554, "_step": 23}